{
    "version": 1,
    "revision": 0,
    "rules": [
        {
            "primary-output": "x64\\Release\\std.ixx.obj",
            "outputs": [
                "C:\\Users\\ICAL\\Desktop\\test\\gogogo\\Semes3\\Learning\\ImGui-Loader-Base-master\\x64\\Release\\vc143.pdb",
                "x64\\Release\\",
                "C:\\Users\\ICAL\\Desktop\\test\\gogogo\\Semes3\\Learning\\ImGui-Loader-Base-master\\x64\\Release\\std.ixx.ifc"
            ],
            "provides": [
                {
                    "logical-name": "std",
                    "source-path": "c:\\program files\\microsoft visual studio\\2022\\community\\vc\\tools\\msvc\\14.36.32532\\modules\\std.ixx",
                    "is-interface": true
                }
            ],
            "requires": []
        }
    ]
}