{
    "Version": "1.2",
    "Data": {
        "Source": "c:\\program files\\microsoft visual studio\\2022\\community\\vc\\tools\\msvc\\14.36.32532\\modules\\std.compat.ixx",
        "ProvidedModule": "std.compat",
        "Includes": [],
        "ImportedModules": [
            {
                "Name": "std",
                "BMI": "C:\\Users\\ICAL\\Desktop\\test\\gogogo\\Semes3\\Learning\\ImGui-Loader-Base-master\\x64\\Release\\std.ixx.ifc"
            }
        ],
        "ImportedHeaderUnits": []
    }
}